{
  "meta_title": "Loja Transfer | Loja de Receptores com Compra Segura.",
  "meta_description": "Parcelamento em até 6X Sem Juros, 10% de Desconto Avista. Aparelhos Originais com 1 ano de Garantia, Envio Expresso.",
  "sections": [
    {
      "type": "banner-slider",
      "autoplay": 6000,
      "slides": [
        {
          "start": "2022-01-24T16:29:46.289Z",
          "end": "",
          "img": "/img/uploads/futeboltec.png",
          "link": "/tecnologia-acm/"
        },
        {
          "start": "2023-05-09T01:08:34.625Z",
          "end": "2023-05-15T15:12:03.321Z",
          "img": "/img/uploads/x-plus-pro-loja-transfer.jpg",
          "mobile_img": "/img/uploads/x-plus-pro-loja-transfer.jpg",
          "link": "https://www.lojatransfer.com.br/in-x-plus-pro-8k-wi-fi-iptv-somente-internet"
        },
        {
          "start": "2022-01-24T16:09:25.939Z",
          "end": "",
          "img": "/img/uploads/iptv-correto.png",
          "link": "/iptv-somente-internet/"
        }
      ],
      "full_width": true
    },
    {
      "type": "info-bar",
      "enabled": true
    },
    {
      "type": "custom-html",
      "html": " <div class=\"banner-centro\">\n\t<div class=\"container\">\n\t\t<div class=\"mini-banner\">\n\t\t\t<a href=\"#\">\n\t\t\t\t<img src=\"/img/uploads/mini1.jpg\">\n\t\t\t</a>\n\t\t</div>\n\t\t<div class=\"mini-banner\">\n\t\t\t<a href=\"#\">\n\t\t\t\t<img src=\"/img/uploads/mini2.jpg\">\n\t\t\t</a>\n\t\t</div>\n\t</div>\n</div>"
    },
    {
      "type": "collection-shelf",
      "shuffle": true,
      "collection_id": "61d70ff00c7c727225f5ebf6:categories:Promoção da Semana:/promocao-da-semana-tec-virtual",
      "limit": 23,
      "page": 1
    },
    {
      "type": "collection-shelf",
      "shuffle": true,
      "limit": 8,
      "page": 1,
      "collection_id": "60c373d3641ad82fcc260bd2:categories:IPTV | TV BOX (SÓ INTERNET):/iptv-somente-internet/"
    },
    {
      "type": "collection-shelf",
      "shuffle": true,
      "limit": 12,
      "page": 1,
      "collection_id": "60c373cf641ad82fcc260bc8:categories:RECEPTORES ACM:/tecnologia-acm/"
    },
    {
      "type": "collection-shelf",
      "shuffle": true,
      "limit": 12,
      "page": 1,
      "collection_id": "60c373d8641ad82fcc260be4:categories:Eletrônicos :/eletronicos-geral/"
    },
    {
      "type": "responsive-banner",
      "img": "/img/uploads/1e554ykqtld4ie9sz.jpeg",
      "link": "https://www.lojatransfer.com.br/tv-programacao"
    },
    {
      "type": "brands-carousel",
      "limit": 30,
      "offset": 0,
      "autoplay": 0,
      "sort": null
    },
    {
      "type": "custom-html",
      "html": "<div class=\"texto-footer\">\n\t<div class=\"insta-footer\">\n\t\t<div class=\"title-insta\">@lojatransfer</div>\n\t\t\t<div id=\"instagram-feed\">\n            <!-- LightWidget WIDGET --><script src=\"https://cdn.lightwidget.com/widgets/lightwidget.js\"></script><iframe src=\"https://cdn.lightwidget.com/widgets/9cefffa3df6455e9a64ba9b0ab413813.html\" scrolling=\"no\" allowtransparency=\"true\" class=\"lightwidget-widget\" style=\"width:100%;border:0;overflow:hidden;\"></iframe>\n            </div>\n\t</div>\n\t\t\n\t\n\n\t<div class=\"text-footer\">\n\t\t\t<p>Nossa marca, Loja Transfer, é uma grande referência comercial, atuando no mercado de receptores desde 2017. <br><br>Nosso objetivo é, cada vez mais, trabalhar a gestão de marcas de forma constante, pois a consideramos um ativo estratégico cada vez mais importante para alcançar nosso objetivo em expandir nossa gama de produtos.</p>\n\t</div>\n</div>"
    }
  ]
}